-- phpMyAdmin SQL Dump
-- version 4.5.4.1deb2ubuntu2
-- http://www.phpmyadmin.net
--
-- Host: localhost
-- Generation Time: Nov 04, 2016 at 08:27 AM
-- Server version: 5.7.16-0ubuntu0.16.04.1
-- PHP Version: 7.0.8-0ubuntu0.16.04.3

SET SQL_MODE = "NO_AUTO_VALUE_ON_ZERO";
SET time_zone = "+00:00";


/*!40101 SET @OLD_CHARACTER_SET_CLIENT=@@CHARACTER_SET_CLIENT */;
/*!40101 SET @OLD_CHARACTER_SET_RESULTS=@@CHARACTER_SET_RESULTS */;
/*!40101 SET @OLD_COLLATION_CONNECTION=@@COLLATION_CONNECTION */;
/*!40101 SET NAMES utf8mb4 */;

--
-- Database: `mvc_group_609`
--

-- --------------------------------------------------------

--
-- Table structure for table `author`
--

CREATE TABLE `author` (
  `id` int(10) UNSIGNED NOT NULL,
  `first_name` varchar(30) NOT NULL,
  `last_name` varchar(30) NOT NULL,
  `date_birth` date NOT NULL,
  `date_death` date DEFAULT NULL
) ENGINE=InnoDB DEFAULT CHARSET=utf8;

--
-- Dumping data for table `author`
--

INSERT INTO `author` (`id`, `first_name`, `last_name`, `date_birth`, `date_death`) VALUES
(1, 'Craig', 'Carroll', '1991-09-17', NULL),
(2, 'Melissa', 'Ramos', '1964-09-10', '2006-10-31'),
(3, 'Jessica', 'Wallace', '1934-04-24', NULL),
(4, 'Terry', 'Russell', '1994-06-03', '1988-02-25'),
(5, 'Raymond', 'Brown', '1984-09-12', '2011-04-18'),
(6, 'Deborah', 'Fowler', '1976-02-10', '2007-09-25'),
(7, 'Matthew', 'Garrett', '1966-07-23', '1986-03-20'),
(8, 'Jason', 'Campbell', '1993-03-19', '1992-08-27'),
(9, 'Gloria', 'Duncan', '1985-07-31', '2011-12-30'),
(10, 'Bobby', 'Hanson', '1937-09-16', '1997-03-26'),
(11, 'Dorothy', 'Thomas', '1991-07-29', NULL),
(12, 'Joseph', 'Torres', '1946-03-14', '2015-11-30'),
(13, 'Timothy', 'Webb', '1932-01-18', NULL),
(14, 'Beverly', 'Lynch', '1969-01-01', '2010-12-27'),
(15, 'Ernest', 'Watson', '1935-02-16', '2012-11-17'),
(16, 'Patricia', 'Jones', '1938-01-02', NULL),
(17, 'Tina', 'Ramirez', '1936-10-21', '1987-05-06'),
(18, 'Adam', 'Schmidt', '1976-07-14', NULL),
(19, 'Lawrence', 'Edwards', '1984-10-20', '2009-06-14'),
(20, 'Philip', 'Jacobs', '1989-08-27', '1993-01-16'),
(21, 'Joan', 'Rose', '1957-12-10', '2001-04-08'),
(22, 'Dorothy', 'Gray', '1951-06-19', '2008-06-20'),
(23, 'Anna', 'Allen', '1994-09-26', '1998-07-13'),
(24, 'Brian', 'Henderson', '1961-07-17', NULL),
(25, 'Harry', 'Ford', '1958-05-01', '1986-02-03'),
(26, 'Alan', 'Fox', '1963-06-28', '2002-10-28'),
(27, 'Dennis', 'Walker', '1994-09-10', '2005-05-01'),
(28, 'Lawrence', 'Hansen', '1949-12-30', NULL),
(29, 'Adam', 'Nguyen', '1958-09-26', NULL),
(30, 'Frank', 'Taylor', '1943-06-04', '2009-12-06'),
(31, 'Kenneth', 'Ramos', '1978-12-29', '2013-09-19'),
(32, 'Helen', 'Mitchell', '1985-06-15', NULL),
(33, 'Carolyn', 'Henderson', '1951-02-01', NULL),
(34, 'Ruth', 'Hart', '1984-05-10', '1990-11-15'),
(35, 'Patrick', 'Gutierrez', '1985-08-01', '1995-12-31'),
(36, 'Kenneth', 'Roberts', '1955-05-22', '1988-04-05'),
(37, 'Harold', 'Wood', '1986-05-01', NULL),
(38, 'Donna', 'Hicks', '1958-05-03', '2002-04-15'),
(39, 'Judith', 'Williamson', '1984-02-04', '1986-03-15'),
(40, 'Robin', 'Willis', '1933-08-09', '1993-10-02'),
(41, 'Wanda', 'Johnson', '1935-05-23', '2012-05-28'),
(42, 'Emily', 'Rivera', '1992-09-06', NULL),
(43, 'Sarah', 'Murphy', '1951-04-26', '2009-08-02'),
(44, 'Michael', 'Robinson', '1952-02-06', '1986-11-12'),
(45, 'Chris', 'Young', '1985-09-09', NULL),
(46, 'Angela', 'Frazier', '1952-10-17', NULL),
(47, 'Shawn', 'Elliott', '1934-10-05', '2004-11-15'),
(48, 'Bruce', 'Fowler', '1934-02-08', NULL),
(49, 'Anna', 'Cox', '1971-10-18', '2003-07-15'),
(50, 'Marie', 'Garrett', '1974-07-24', '1999-03-04'),
(51, 'Lawrence', 'Reed', '1975-01-19', '1990-03-27'),
(52, 'Linda', 'Nguyen', '1951-08-30', '2003-03-31'),
(53, 'Albert', 'Larson', '1961-05-17', '1999-09-05'),
(54, 'Wanda', 'Lynch', '1990-01-01', NULL),
(55, 'Jacqueline', 'Jones', '1993-07-19', '1997-05-29'),
(56, 'Catherine', 'Morris', '1956-08-16', '2002-05-12'),
(57, 'Lisa', 'Wright', '1964-06-30', NULL),
(58, 'Cheryl', 'Perez', '1995-06-02', '1988-02-14'),
(59, 'Teresa', 'Snyder', '1947-08-03', '2002-03-22'),
(60, 'Donna', 'Peterson', '1949-11-21', NULL),
(61, 'Debra', 'Walker', '1971-01-03', '2010-05-01'),
(62, 'Jeremy', 'Boyd', '1952-08-09', '2001-07-19'),
(63, 'Craig', 'Tucker', '1945-03-11', '2007-03-19'),
(64, 'Rebecca', 'Hanson', '1930-11-30', '1995-06-05'),
(65, 'Dorothy', 'Thompson', '1935-04-12', '2008-04-15'),
(66, 'Michael', 'Hernandez', '1930-12-26', NULL),
(67, 'Marie', 'Freeman', '1981-02-28', '2004-01-22'),
(68, 'Randy', 'Jacobs', '1940-08-26', NULL),
(69, 'Donald', 'Hughes', '1978-07-23', NULL),
(70, 'Jimmy', 'Young', '1934-05-24', '1987-04-11'),
(71, 'Jean', 'Hansen', '1937-06-06', NULL),
(72, 'Kelly', 'Allen', '1986-03-02', NULL),
(73, 'Dorothy', 'Simmons', '1992-10-13', '1990-09-25'),
(74, 'Paula', 'Simpson', '1952-02-07', NULL),
(75, 'Irene', 'Day', '1939-07-29', '2002-10-19'),
(76, 'Barbara', 'Smith', '1968-06-13', '2010-02-23'),
(77, 'Carl', 'Medina', '1955-12-06', NULL),
(78, 'Anthony', 'Jacobs', '1977-12-16', '1999-11-15'),
(79, 'Martin', 'Morgan', '1953-05-31', NULL),
(80, 'Joseph', 'Simmons', '1989-01-28', NULL),
(81, 'Phyllis', 'Hanson', '1937-04-08', '1999-04-23'),
(82, 'Barbara', 'Gibson', '1993-09-27', '2000-08-24'),
(83, 'William', 'Gardner', '1931-03-24', '2014-02-28'),
(84, 'Phyllis', 'Ruiz', '1972-03-05', NULL),
(85, 'Jeremy', 'Hudson', '1972-04-05', '1999-03-12'),
(86, 'Shawn', 'Walker', '1972-05-31', NULL),
(87, 'Billy', 'Rodriguez', '1952-04-29', '1986-03-12'),
(88, 'Arthur', 'Lewis', '1990-02-13', '2005-05-07'),
(89, 'Janet', 'Olson', '1932-09-11', '1995-08-27'),
(90, 'Brenda', 'Mendoza', '1962-10-30', '1994-01-29'),
(91, 'Bonnie', 'Robinson', '1963-06-08', NULL),
(92, 'Michael', 'Jones', '1971-07-21', NULL),
(93, 'Harold', 'Freeman', '1932-01-05', '2003-04-05'),
(94, 'Frank', 'Mendoza', '1992-10-14', '2015-05-06'),
(95, 'Jacqueline', 'Graham', '1969-08-17', NULL),
(96, 'Martin', 'Perez', '1954-07-31', '1995-12-07'),
(97, 'Sara', 'Patterson', '1951-09-24', '1991-06-29'),
(98, 'Nancy', 'Price', '1948-06-15', '1998-01-14'),
(99, 'Willie', 'Ross', '1933-09-26', '1991-08-17'),
(100, 'Peter', 'Reid', '1962-11-23', '1987-06-04');

-- --------------------------------------------------------

--
-- Table structure for table `book`
--

CREATE TABLE `book` (
  `id` int(10) UNSIGNED NOT NULL,
  `title` varchar(100) NOT NULL,
  `description` text,
  `price` decimal(10,2) UNSIGNED NOT NULL,
  `is_active` tinyint(3) UNSIGNED NOT NULL DEFAULT '1',
  `style_id` tinyint(3) UNSIGNED DEFAULT NULL
) ENGINE=InnoDB DEFAULT CHARSET=utf8;

--
-- Dumping data for table `book`
--

INSERT INTO `book` (`id`, `title`, `description`, `price`, `is_active`, `style_id`) VALUES
(1, 'ut blandit', 'tortor quis turpis sed ante vivamus tortor duis mattis egestas metus aenean fermentum donec ut mauris eget massa tempor convallis nulla neque libero convallis eget eleifend luctus ultricies eu nibh quisque id justo sit amet sapien dignissim vestibulum vestibulum ante ipsum', '1906.81', 0, 5),
(2, 'platea dictumst maecenas ut', 'erat quisque erat eros viverra eget congue eget semper rutrum nulla nunc purus phasellus in felis donec semper sapien a libero nam dui proin leo odio porttitor id consequat in consequat ut nulla sed accumsan felis', '45564.25', 1, 1),
(3, 'natoque penatibus et magnis dis', 'venenatis lacinia aenean sit amet justo morbi ut odio cras mi pede malesuada in imperdiet et commodo vulputate justo in blandit ultrices enim lorem ipsum dolor sit amet consectetuer adipiscing elit proin interdum', '25490.85', 0, 1),
(4, 'faucibus orci', 'tempus vivamus in felis eu sapien cursus vestibulum proin eu mi nulla ac enim in tempor turpis nec euismod scelerisque quam turpis adipiscing lorem vitae mattis nibh ligula nec sem duis', '96742.62', 0, 10),
(5, 'cursus vestibulum', NULL, '7916.37', 1, 9),
(6, 'nulla mollis molestie lorem', 'potenti nullam porttitor lacus at turpis donec posuere metus vitae ipsum aliquam non mauris morbi non lectus aliquam sit amet diam', '80730.95', 1, 8),
(7, 'non velit nec nisi vulputate', 'accumsan tortor quis turpis sed ante vivamus tortor duis mattis egestas metus aenean fermentum donec ut mauris eget massa tempor convallis nulla neque libero convallis eget eleifend luctus ultricies eu nibh quisque id justo sit amet sapien dignissim vestibulum vestibulum ante ipsum primis in faucibus orci', '7723.62', 0, 10),
(8, 'est', 'lorem vitae mattis nibh ligula nec sem duis aliquam convallis nunc proin at turpis a pede posuere nonummy integer non velit donec diam neque vestibulum eget vulputate ut ultrices vel augue vestibulum ante ipsum primis in faucibus orci luctus et ultrices', '77058.94', 1, 9),
(9, 'vulputate vitae nisl aenean', 'vitae nisl aenean lectus pellentesque eget nunc donec quis orci eget orci vehicula condimentum curabitur in libero ut massa volutpat convallis morbi odio odio elementum eu', '16222.26', 1, 5),
(10, 'pellentesque eget', 'sem praesent id massa id nisl venenatis lacinia aenean sit amet justo morbi ut odio cras mi pede malesuada in imperdiet et commodo', '37062.63', 1, 6),
(11, 'curae nulla', 'pellentesque at nulla suspendisse potenti cras in purus eu magna vulputate luctus cum sociis natoque penatibus et magnis dis parturient montes nascetur ridiculus mus', '55486.76', 1, 10),
(12, 'ultrices mattis odio', NULL, '79966.90', 0, 3),
(13, 'tellus nisi eu', NULL, '44173.00', 0, 2),
(14, 'aenean fermentum donec ut mauris', 'quis lectus suspendisse potenti in eleifend quam a odio in hac habitasse platea dictumst maecenas ut massa quis augue luctus tincidunt nulla mollis molestie lorem quisque ut erat curabitur gravida nisi at', '84842.13', 0, 6),
(15, 'vivamus', 'ut tellus nulla ut erat id mauris vulputate elementum nullam varius nulla facilisi cras non velit nec nisi vulputate nonummy maecenas tincidunt lacus at velit vivamus vel nulla eget eros elementum pellentesque quisque porta volutpat erat quisque erat eros viverra eget congue eget semper rutrum nulla nunc purus phasellus', '97500.50', 1, 1),
(16, 'ut nunc vestibulum', 'erat eros viverra eget congue eget semper rutrum nulla nunc purus phasellus in felis donec semper sapien a libero nam dui proin leo', '49239.90', 1, 7),
(17, 'non velit', NULL, '58799.25', 0, 9),
(18, 'purus aliquet', 'at velit vivamus vel nulla eget eros elementum pellentesque quisque porta volutpat erat quisque erat eros', '590.21', 1, 4),
(19, 'habitasse platea dictumst maecenas', 'interdum mauris non ligula pellentesque ultrices phasellus id sapien in sapien iaculis congue vivamus metus arcu adipiscing molestie hendrerit at vulputate vitae nisl aenean lectus pellentesque eget nunc donec quis orci', '64058.44', 0, 8),
(20, 'iaculis congue vivamus', 'natoque penatibus et magnis dis parturient montes nascetur ridiculus mus etiam vel augue vestibulum rutrum rutrum neque aenean auctor gravida sem praesent id massa id nisl venenatis lacinia aenean sit amet justo morbi ut odio cras mi', '34430.62', 1, 7),
(21, 'pede posuere', NULL, '87280.37', 1, 7),
(22, 'in', 'sapien placerat ante nulla justo aliquam quis turpis eget elit sodales scelerisque', '75241.35', 1, 1),
(23, 'mauris enim leo rhoncus', 'est et tempus semper est quam pharetra magna ac consequat metus sapien ut nunc vestibulum ante ipsum primis in faucibus orci luctus et ultrices posuere cubilia curae mauris viverra diam vitae quam suspendisse potenti nullam porttitor lacus at turpis donec posuere metus vitae ipsum aliquam non', '32409.92', 0, 7),
(24, 'morbi non quam nec dui', 'auctor gravida sem praesent id massa id nisl venenatis lacinia aenean sit amet justo morbi ut odio cras mi pede malesuada in imperdiet et commodo vulputate', '17585.46', 0, 7),
(25, 'nibh quisque', NULL, '71167.13', 0, 5),
(26, 'in', NULL, '21263.05', 0, 8),
(27, 'et', 'leo rhoncus sed vestibulum sit amet cursus id turpis integer aliquet massa id lobortis convallis tortor risus dapibus augue vel accumsan tellus nisi eu orci mauris lacinia sapien quis libero nullam sit amet turpis elementum ligula vehicula', '98495.86', 0, 6),
(28, 'sed interdum venenatis', 'sapien dignissim vestibulum vestibulum ante ipsum primis in faucibus orci luctus et ultrices posuere cubilia curae nulla dapibus dolor vel est donec', '74886.80', 0, 5),
(29, 'vehicula consequat', 'urna pretium nisl ut volutpat sapien arcu sed augue aliquam erat', '39892.97', 0, 7),
(30, 'ut ultrices vel', 'mi in porttitor pede justo eu massa donec dapibus duis at velit eu est congue elementum in hac habitasse platea dictumst morbi vestibulum velit id pretium iaculis diam erat fermentum justo nec condimentum neque sapien placerat', '30979.23', 1, 8),
(31, 'felis donec semper sapien', 'maecenas tristique est et tempus semper est quam pharetra magna ac consequat metus sapien ut nunc vestibulum ante ipsum primis in faucibus orci luctus et ultrices posuere cubilia curae mauris viverra diam vitae quam suspendisse potenti nullam porttitor lacus at turpis donec posuere', '10398.06', 0, 7),
(32, 'ullamcorper augue a suscipit nulla', 'est lacinia nisi venenatis tristique fusce congue diam id ornare imperdiet sapien urna pretium nisl ut volutpat sapien arcu sed augue aliquam erat volutpat in congue etiam justo etiam pretium iaculis justo in hac habitasse platea dictumst etiam faucibus cursus urna ut tellus nulla', '91291.12', 0, 3),
(33, 'at nibh in hac habitasse', 'placerat ante nulla justo aliquam quis turpis eget elit sodales scelerisque mauris sit amet eros suspendisse accumsan tortor quis turpis sed ante vivamus tortor duis', '49889.93', 0, 2),
(34, 'laoreet ut', 'vivamus in felis eu sapien cursus vestibulum proin eu mi nulla ac enim in tempor turpis nec euismod scelerisque quam turpis adipiscing lorem vitae mattis nibh ligula nec sem duis aliquam convallis nunc proin at turpis a pede posuere nonummy integer', '45439.56', 1, 8),
(35, 'risus', 'sed vestibulum sit amet cursus id turpis integer aliquet massa id lobortis convallis tortor risus dapibus augue vel accumsan tellus nisi eu orci mauris lacinia sapien quis libero nullam sit amet', '71470.53', 0, 3),
(36, 'mauris eget massa tempor', 'cubilia curae donec pharetra magna vestibulum aliquet ultrices erat tortor sollicitudin mi sit amet lobortis sapien sapien non mi integer ac neque duis bibendum morbi non quam nec dui luctus rutrum nulla tellus in', '4107.70', 1, 5),
(37, 'molestie hendrerit at', 'integer tincidunt ante vel ipsum praesent blandit lacinia erat vestibulum sed magna at nunc commodo placerat praesent blandit nam nulla integer pede justo lacinia eget tincidunt eget tempus vel pede morbi porttitor lorem id ligula suspendisse ornare consequat lectus in est risus', '65877.80', 1, 7),
(38, 'nec', NULL, '91124.48', 0, 8),
(39, 'morbi', 'diam vitae quam suspendisse potenti nullam porttitor lacus at turpis donec posuere metus vitae ipsum aliquam non mauris morbi non lectus aliquam sit amet diam in magna bibendum imperdiet nullam orci pede', '45848.60', 0, 2),
(40, 'morbi non', NULL, '76247.73', 1, 3),
(41, 'consequat morbi a ipsum integer', NULL, '87739.26', 0, 3),
(42, 'tempus', NULL, '96713.65', 0, 2),
(43, 'non ligula pellentesque', 'quisque arcu libero rutrum ac lobortis vel dapibus at diam nam tristique tortor', '93288.64', 1, 7),
(44, 'pellentesque', 'purus eu magna vulputate luctus cum sociis natoque penatibus et magnis dis parturient montes nascetur ridiculus mus vivamus vestibulum sagittis sapien cum sociis natoque penatibus et magnis dis parturient montes nascetur ridiculus mus etiam vel', '10155.56', 0, 7),
(45, 'posuere', NULL, '10536.61', 1, 4),
(46, 'sollicitudin ut suscipit', NULL, '95737.13', 1, 3),
(47, 'pede morbi porttitor lorem', 'erat quisque erat eros viverra eget congue eget semper rutrum nulla nunc purus phasellus in felis donec semper sapien a libero nam dui proin leo odio porttitor id consequat in consequat ut nulla sed accumsan felis ut at dolor', '98989.98', 1, 8),
(48, 'proin', 'libero ut massa volutpat convallis morbi odio odio elementum eu interdum eu tincidunt in leo maecenas pulvinar lobortis est phasellus', '58978.24', 1, 6),
(49, 'amet consectetuer', 'et magnis dis parturient montes nascetur ridiculus mus vivamus vestibulum sagittis sapien cum sociis natoque penatibus et magnis dis parturient montes nascetur ridiculus mus etiam vel augue vestibulum rutrum rutrum neque aenean auctor', '26880.25', 0, 6),
(50, 'at velit vivamus vel', 'lectus in quam fringilla rhoncus mauris enim leo rhoncus sed vestibulum sit amet cursus id turpis integer aliquet massa id lobortis convallis tortor risus dapibus augue vel accumsan tellus nisi eu orci mauris lacinia sapien quis libero nullam sit', '15609.22', 1, 6),
(51, 'rhoncus mauris enim leo', NULL, '7564.83', 0, 4),
(52, 'magna vulputate luctus', NULL, '67162.71', 0, 8),
(53, 'eros', NULL, '73291.54', 0, 7),
(54, 'viverra eget congue', 'morbi a ipsum integer a nibh in quis justo maecenas rhoncus aliquam lacus morbi quis tortor id nulla ultrices aliquet maecenas leo odio condimentum id luctus nec molestie', '60048.27', 1, 7),
(55, 'vestibulum', NULL, '81786.88', 1, 1),
(56, 'nascetur ridiculus mus', NULL, '12852.09', 0, 2),
(57, 'amet erat nulla tempus', 'nibh ligula nec sem duis aliquam convallis nunc proin at turpis a pede posuere nonummy integer non velit donec diam neque vestibulum eget vulputate ut ultrices vel augue vestibulum ante ipsum primis in faucibus orci luctus et ultrices', '40313.60', 1, 4),
(58, 'interdum', 'ultrices phasellus id sapien in sapien iaculis congue vivamus metus arcu adipiscing molestie hendrerit at vulputate vitae nisl aenean lectus pellentesque eget nunc donec quis orci eget', '74403.27', 1, 6),
(59, 'sapien varius ut blandit', 'ac enim in tempor turpis nec euismod scelerisque quam turpis adipiscing lorem vitae mattis nibh ligula nec sem duis aliquam convallis', '72024.24', 0, 6),
(60, 'vulputate vitae nisl aenean', 'cras in purus eu magna vulputate luctus cum sociis natoque penatibus et magnis dis parturient montes nascetur ridiculus mus vivamus', '89597.65', 0, 4),
(61, 'tellus nisi eu orci mauris', 'augue quam sollicitudin vitae consectetuer eget rutrum at lorem integer tincidunt ante vel ipsum praesent blandit lacinia erat vestibulum sed magna at nunc commodo placerat praesent blandit nam nulla integer pede justo lacinia eget tincidunt eget', '52532.76', 0, 2),
(62, 'leo maecenas pulvinar lobortis est', 'proin leo odio porttitor id consequat in consequat ut nulla sed accumsan felis ut at', '61788.26', 0, 10),
(63, 'cras in', 'ac diam cras pellentesque volutpat dui maecenas tristique est et tempus semper est quam pharetra magna ac consequat metus sapien ut nunc', '20703.15', 1, 3),
(64, 'pellentesque viverra pede ac diam', 'potenti cras in purus eu magna vulputate luctus cum sociis natoque penatibus et magnis dis parturient montes nascetur ridiculus mus vivamus', '7962.45', 0, 2),
(65, 'sociis natoque penatibus et', 'nulla mollis molestie lorem quisque ut erat curabitur gravida nisi at nibh in hac habitasse platea dictumst aliquam augue quam sollicitudin vitae consectetuer eget rutrum at lorem integer tincidunt ante vel ipsum praesent blandit', '50312.88', 1, 1),
(66, 'non interdum in ante vestibulum', NULL, '18035.17', 1, 8),
(67, 'nisl nunc', 'convallis eget eleifend luctus ultricies eu nibh quisque id justo sit amet sapien dignissim vestibulum vestibulum ante ipsum primis in faucibus orci luctus et ultrices posuere', '57492.44', 1, 7),
(68, 'luctus cum sociis natoque penatibus', 'nulla neque libero convallis eget eleifend luctus ultricies eu nibh quisque id justo sit amet sapien dignissim vestibulum', '26972.76', 0, 6),
(69, 'lorem id ligula', NULL, '98425.65', 1, 10),
(70, 'pellentesque ultrices phasellus id', NULL, '95413.22', 1, 8),
(71, 'sagittis sapien cum', 'integer a nibh in quis justo maecenas rhoncus aliquam lacus morbi quis tortor id nulla ultrices aliquet maecenas leo odio condimentum id luctus nec molestie sed justo pellentesque viverra pede ac diam cras', '18539.58', 1, 3),
(72, 'tortor sollicitudin', NULL, '5829.96', 0, 6),
(73, 'magna', NULL, '16445.33', 1, 10),
(74, 'pellentesque viverra pede ac diam', NULL, '19956.34', 0, 4),
(75, 'at', NULL, '22570.86', 0, 1),
(76, 'arcu sed augue aliquam', NULL, '88001.53', 0, 9),
(77, 'nunc purus phasellus in felis', NULL, '24422.97', 1, 6),
(78, 'rutrum', NULL, '31846.06', 1, 8),
(79, 'convallis morbi odio odio elementum', 'ridiculus mus etiam vel augue vestibulum rutrum rutrum neque aenean auctor gravida sem praesent id massa id nisl venenatis lacinia aenean sit amet justo morbi ut odio', '27746.53', 0, 2),
(80, 'quisque ut erat', 'posuere cubilia curae donec pharetra magna vestibulum aliquet ultrices erat tortor sollicitudin mi sit amet lobortis sapien sapien non mi integer ac neque duis bibendum morbi non quam nec dui luctus rutrum nulla tellus in sagittis dui vel nisl duis ac nibh fusce lacus purus aliquet at feugiat', '46452.53', 1, 4),
(81, 'lacinia', NULL, '24010.37', 1, 1),
(82, 'pulvinar nulla pede', 'amet sem fusce consequat nulla nisl nunc nisl duis bibendum felis sed interdum venenatis turpis enim blandit mi', '11429.28', 1, 8),
(83, 'ultrices phasellus id sapien in', 'lacus morbi sem mauris laoreet ut rhoncus aliquet pulvinar sed nisl nunc rhoncus dui vel sem sed sagittis nam congue risus semper porta volutpat quam pede lobortis ligula sit amet eleifend pede libero quis orci nullam molestie nibh in lectus pellentesque at nulla', '73430.95', 0, 8),
(84, 'ac leo pellentesque ultrices mattis', 'non interdum in ante vestibulum ante ipsum primis in faucibus orci luctus et ultrices', '68337.26', 1, 1),
(85, 'magna bibendum imperdiet', 'elit sodales scelerisque mauris sit amet eros suspendisse accumsan tortor quis', '21123.84', 0, 3),
(86, 'pretium quis lectus', 'orci pede venenatis non sodales sed tincidunt eu felis fusce posuere felis sed lacus morbi sem mauris laoreet ut rhoncus aliquet', '53016.46', 1, 10),
(87, 'pede ullamcorper augue a suscipit', NULL, '84151.62', 0, 2),
(88, 'pharetra magna ac consequat', 'nisi nam ultrices libero non mattis pulvinar nulla pede ullamcorper augue a suscipit nulla elit', '20179.66', 0, 9),
(89, 'ac enim', 'lectus in quam fringilla rhoncus mauris enim leo rhoncus sed vestibulum sit amet cursus id turpis integer aliquet massa id lobortis convallis tortor risus dapibus augue vel accumsan tellus nisi eu orci mauris lacinia sapien quis libero nullam sit amet turpis elementum ligula vehicula consequat', '5210.56', 0, 8),
(90, 'sodales', 'pretium nisl ut volutpat sapien arcu sed augue aliquam erat volutpat in congue etiam justo etiam pretium', '56811.12', 1, 6),
(91, 'morbi non', NULL, '2919.22', 0, 5),
(92, 'eget rutrum at', NULL, '36909.98', 0, 1),
(93, 'duis bibendum morbi non quam', NULL, '27378.69', 0, 4),
(94, 'vestibulum', NULL, '47088.63', 1, 7),
(95, 'orci', 'augue vestibulum rutrum rutrum neque aenean auctor gravida sem praesent id massa', '20759.50', 1, 8),
(96, 'mauris non ligula', 'nullam varius nulla facilisi cras non velit nec nisi vulputate nonummy maecenas tincidunt lacus at velit vivamus', '22581.79', 0, 3),
(97, 'erat', NULL, '7328.97', 0, 1),
(98, 'ligula suspendisse ornare consequat lectus', 'tempus sit amet sem fusce consequat nulla nisl nunc nisl duis bibendum felis sed interdum venenatis turpis enim blandit mi in porttitor pede justo eu massa donec', '57898.81', 0, 4),
(99, 'lectus vestibulum quam', 'quisque ut erat curabitur gravida nisi at nibh in hac habitasse platea dictumst aliquam augue quam sollicitudin vitae consectetuer eget rutrum at lorem integer tincidunt ante vel ipsum praesent blandit lacinia', '50029.36', 0, 7),
(100, 'elementum eu', 'quam pharetra magna ac consequat metus sapien ut nunc vestibulum ante ipsum primis in faucibus orci luctus et ultrices posuere cubilia curae mauris viverra diam vitae quam suspendisse potenti', '24318.54', 0, 4),
(101, 'integer pede justo', 'vestibulum vestibulum ante ipsum primis in faucibus orci luctus et', '63573.84', 0, 7),
(102, 'lectus suspendisse potenti in', 'nisl nunc rhoncus dui vel sem sed sagittis nam congue risus semper porta volutpat quam pede lobortis ligula sit amet eleifend pede libero quis orci nullam molestie nibh in lectus pellentesque at nulla suspendisse potenti cras', '74929.41', 1, 7),
(103, 'duis mattis egestas metus aenean', 'nunc donec quis orci eget orci vehicula condimentum curabitur in libero ut massa', '62989.06', 1, 2),
(104, 'hac habitasse platea dictumst', 'erat quisque erat eros viverra eget congue eget semper rutrum nulla nunc purus phasellus in felis donec semper sapien a libero nam dui proin leo odio porttitor id consequat', '20574.80', 1, 7),
(105, 'sollicitudin ut suscipit a', 'non mattis pulvinar nulla pede ullamcorper augue a suscipit nulla elit ac nulla sed vel enim sit amet nunc viverra dapibus nulla suscipit ligula in lacus curabitur at ipsum ac tellus semper interdum mauris ullamcorper purus sit amet nulla quisque arcu libero rutrum', '87601.95', 0, 7),
(106, 'orci luctus', 'erat fermentum justo nec condimentum neque sapien placerat ante nulla justo aliquam quis turpis eget elit sodales scelerisque mauris sit amet eros suspendisse accumsan tortor quis turpis', '45826.95', 1, 10),
(107, 'condimentum neque', 'consequat nulla nisl nunc nisl duis bibendum felis sed interdum venenatis turpis enim blandit mi in porttitor pede justo eu massa donec dapibus duis at velit eu', '26128.87', 0, 8),
(108, 'lacinia', 'cubilia curae donec pharetra magna vestibulum aliquet ultrices erat tortor sollicitudin mi sit amet lobortis sapien', '62490.05', 0, 7),
(109, 'massa', 'nisl venenatis lacinia aenean sit amet justo morbi ut odio cras mi pede malesuada in imperdiet et commodo vulputate justo in blandit ultrices enim lorem ipsum dolor sit amet consectetuer adipiscing elit proin interdum mauris non ligula pellentesque ultrices phasellus id sapien in sapien iaculis congue vivamus metus arcu adipiscing', '68352.46', 1, 7),
(110, 'sem fusce', 'velit nec nisi vulputate nonummy maecenas tincidunt lacus at velit vivamus vel nulla eget eros elementum pellentesque quisque porta volutpat erat quisque erat eros viverra eget congue eget semper rutrum nulla nunc purus phasellus in felis donec semper sapien a libero nam', '66319.76', 0, 4),
(111, 'ligula suspendisse', 'et eros vestibulum ac est lacinia nisi venenatis tristique fusce congue diam id ornare imperdiet sapien urna pretium nisl ut volutpat sapien arcu', '78372.02', 0, 10),
(112, 'et ultrices posuere cubilia curae', 'pellentesque volutpat dui maecenas tristique est et tempus semper est quam pharetra magna', '23270.35', 1, 3),
(113, 'metus', 'nunc vestibulum ante ipsum primis in faucibus orci luctus et ultrices posuere cubilia curae mauris viverra diam vitae quam suspendisse potenti nullam porttitor lacus at turpis donec posuere metus vitae ipsum aliquam non mauris morbi non lectus aliquam sit amet diam in magna bibendum imperdiet nullam orci pede venenatis', '36592.84', 1, 2),
(114, 'vulputate nonummy maecenas tincidunt', 'luctus et ultrices posuere cubilia curae mauris viverra diam vitae quam suspendisse potenti', '68997.03', 0, 3),
(115, 'cras in purus eu magna', 'sapien in sapien iaculis congue vivamus metus arcu adipiscing molestie hendrerit at vulputate vitae nisl aenean lectus pellentesque eget nunc donec quis orci eget orci vehicula condimentum curabitur in libero ut massa volutpat convallis morbi', '78454.84', 0, 1),
(116, 'lectus pellentesque eget nunc', 'eu felis fusce posuere felis sed lacus morbi sem mauris laoreet ut rhoncus aliquet pulvinar sed nisl nunc rhoncus dui vel sem sed sagittis nam congue risus semper porta volutpat quam pede lobortis ligula sit amet eleifend pede libero quis orci nullam molestie nibh in lectus', '52554.45', 0, 4),
(117, 'vehicula consequat morbi a', 'quam suspendisse potenti nullam porttitor lacus at turpis donec posuere', '22778.19', 1, 3),
(118, 'libero rutrum ac', NULL, '28578.20', 1, 3),
(119, 'adipiscing elit proin interdum', 'est donec odio justo sollicitudin ut suscipit a feugiat et eros vestibulum ac est lacinia nisi venenatis tristique fusce congue diam id ornare imperdiet sapien urna pretium nisl', '28102.35', 1, 6),
(120, 'neque vestibulum eget', 'quis justo maecenas rhoncus aliquam lacus morbi quis tortor id nulla ultrices aliquet maecenas leo odio condimentum id luctus nec molestie sed justo pellentesque viverra pede ac diam cras pellentesque volutpat dui maecenas tristique est et', '4568.21', 0, 2),
(121, 'non velit donec diam', 'vel augue vestibulum ante ipsum primis in faucibus orci luctus et ultrices posuere cubilia', '88861.50', 0, 7),
(122, 'tempus sit amet', 'nunc donec quis orci eget orci vehicula condimentum curabitur in libero ut massa volutpat convallis morbi odio odio elementum eu interdum eu tincidunt', '14656.59', 0, 3),
(123, 'ipsum primis', 'duis bibendum felis sed interdum venenatis turpis enim blandit mi in porttitor pede justo eu massa donec dapibus duis', '64260.60', 0, 5),
(124, 'neque libero convallis eget', 'consectetuer eget rutrum at lorem integer tincidunt ante vel ipsum praesent blandit lacinia erat vestibulum sed magna at nunc commodo placerat praesent blandit nam nulla integer pede justo lacinia eget tincidunt', '41675.56', 1, 10),
(125, 'vestibulum ac', 'non velit nec nisi vulputate nonummy maecenas tincidunt lacus at velit vivamus vel nulla', '17434.69', 0, 8),
(126, 'mi in', 'diam neque vestibulum eget vulputate ut ultrices vel augue vestibulum ante ipsum primis in faucibus orci luctus et ultrices posuere cubilia curae donec pharetra magna vestibulum aliquet ultrices erat tortor sollicitudin mi sit amet lobortis sapien sapien non mi integer ac neque', '90603.31', 1, 1),
(127, 'eget orci vehicula condimentum curabitur', 'metus arcu adipiscing molestie hendrerit at vulputate vitae nisl aenean lectus pellentesque eget nunc donec quis orci eget orci vehicula condimentum curabitur in libero ut massa volutpat convallis morbi odio odio elementum eu interdum', '88544.64', 0, 5),
(128, 'eget rutrum', NULL, '60601.88', 1, 10),
(129, 'dis parturient montes nascetur ridiculus', 'at nibh in hac habitasse platea dictumst aliquam augue quam sollicitudin vitae consectetuer eget rutrum at lorem integer tincidunt ante vel ipsum praesent blandit lacinia erat vestibulum sed magna at nunc commodo placerat praesent blandit nam nulla integer pede justo lacinia eget tincidunt eget', '52408.58', 1, 2),
(130, 'erat curabitur gravida nisi at', 'fermentum justo nec condimentum neque sapien placerat ante nulla justo aliquam quis turpis eget elit sodales scelerisque mauris sit amet eros suspendisse accumsan tortor quis turpis sed ante vivamus tortor', '94918.46', 1, 6),
(131, 'in congue', 'sed magna at nunc commodo placerat praesent blandit nam nulla integer pede justo lacinia eget tincidunt eget tempus vel pede morbi porttitor lorem id ligula suspendisse ornare consequat lectus in est risus auctor sed tristique in tempus sit', '53932.08', 1, 7),
(132, 'ultrices erat tortor sollicitudin mi', 'imperdiet sapien urna pretium nisl ut volutpat sapien arcu sed augue aliquam erat volutpat in congue etiam justo etiam pretium iaculis justo in hac habitasse platea dictumst etiam faucibus cursus urna ut', '74236.86', 0, 10),
(133, 'morbi non', 'id massa id nisl venenatis lacinia aenean sit amet justo morbi ut odio cras mi pede malesuada in imperdiet et commodo vulputate justo in blandit ultrices enim lorem ipsum dolor sit amet consectetuer adipiscing elit proin interdum mauris non ligula', '30753.99', 0, 3),
(134, 'volutpat in congue etiam', 'hac habitasse platea dictumst etiam faucibus cursus urna ut tellus nulla ut erat id mauris vulputate elementum nullam varius nulla facilisi cras non velit nec nisi vulputate nonummy maecenas tincidunt lacus', '58343.24', 1, 2),
(135, 'justo', 'scelerisque quam turpis adipiscing lorem vitae mattis nibh ligula nec sem duis aliquam convallis nunc proin at turpis a pede posuere nonummy integer non velit donec diam neque vestibulum eget vulputate ut ultrices vel', '82558.12', 0, 6),
(136, 'nec dui luctus', 'amet turpis elementum ligula vehicula consequat morbi a ipsum integer a', '66073.13', 0, 5),
(137, 'etiam vel augue', 'id sapien in sapien iaculis congue vivamus metus arcu adipiscing molestie hendrerit at vulputate vitae nisl aenean lectus pellentesque eget nunc donec quis orci eget orci vehicula condimentum curabitur', '66953.44', 1, 3),
(138, 'nec', 'aliquam quis turpis eget elit sodales scelerisque mauris sit amet eros suspendisse accumsan tortor quis turpis sed ante vivamus tortor duis mattis egestas metus aenean fermentum donec ut mauris eget massa tempor convallis nulla neque libero convallis eget eleifend luctus ultricies', '44004.55', 1, 4),
(139, 'platea dictumst maecenas ut', NULL, '62700.61', 0, 8),
(140, 'vehicula consequat morbi a', NULL, '54132.20', 1, 9),
(141, 'odio consequat varius integer', 'nulla suscipit ligula in lacus curabitur at ipsum ac tellus semper interdum', '61686.36', 0, 7),
(142, 'non pretium quis lectus suspendisse', 'vestibulum sit amet cursus id turpis integer aliquet massa id lobortis convallis tortor risus dapibus augue vel accumsan tellus nisi eu orci mauris lacinia sapien quis libero nullam sit amet turpis elementum ligula vehicula consequat morbi a ipsum integer a nibh in quis justo maecenas rhoncus', '28687.00', 1, 3),
(143, 'euismod scelerisque quam turpis', 'cras non velit nec nisi vulputate nonummy maecenas tincidunt lacus at velit vivamus vel nulla eget eros elementum pellentesque quisque porta volutpat', '42508.87', 0, 8),
(144, 'venenatis turpis', 'at lorem integer tincidunt ante vel ipsum praesent blandit lacinia erat vestibulum sed magna at nunc commodo placerat praesent blandit nam nulla integer pede justo lacinia eget tincidunt eget tempus vel pede morbi porttitor lorem id ligula suspendisse ornare consequat lectus in est risus auctor sed tristique in', '70623.70', 0, 7),
(145, 'libero', 'nisi volutpat eleifend donec ut dolor morbi vel lectus in quam fringilla rhoncus mauris enim leo rhoncus sed vestibulum sit amet cursus id turpis integer aliquet massa id lobortis convallis tortor risus dapibus augue vel accumsan tellus nisi eu orci mauris lacinia sapien quis libero nullam sit amet turpis', '39044.02', 0, 4),
(146, 'metus vitae ipsum aliquam non', 'at feugiat non pretium quis lectus suspendisse potenti in eleifend quam a odio in hac habitasse', '54592.80', 1, 10),
(147, 'nulla ut erat', 'elementum ligula vehicula consequat morbi a ipsum integer a nibh in quis justo maecenas rhoncus aliquam lacus morbi quis tortor id nulla ultrices aliquet maecenas leo odio condimentum id luctus nec molestie sed justo pellentesque', '92419.07', 1, 3),
(148, 'turpis a pede posuere nonummy', 'vitae mattis nibh ligula nec sem duis aliquam convallis nunc proin at turpis a pede posuere nonummy integer non velit donec diam neque vestibulum eget vulputate ut ultrices vel augue vestibulum ante ipsum primis in faucibus orci luctus et ultrices posuere cubilia curae', '70342.48', 0, 7),
(149, 'mauris lacinia', 'morbi quis tortor id nulla ultrices aliquet maecenas leo odio condimentum id luctus nec molestie sed justo pellentesque viverra pede ac diam cras pellentesque volutpat dui maecenas tristique est et tempus semper est quam pharetra magna ac consequat metus sapien ut', '26585.27', 1, 10),
(150, 'praesent blandit lacinia', 'pede ullamcorper augue a suscipit nulla elit ac nulla sed vel enim sit amet nunc viverra dapibus nulla suscipit ligula in lacus curabitur at ipsum ac tellus semper interdum mauris ullamcorper purus sit amet nulla quisque arcu libero rutrum', '42412.17', 0, 8),
(151, 'eget', 'etiam justo etiam pretium iaculis justo in hac habitasse platea dictumst etiam faucibus cursus urna ut tellus nulla ut erat id mauris vulputate elementum nullam varius nulla facilisi cras non velit nec nisi vulputate nonummy maecenas tincidunt lacus at velit vivamus vel nulla eget eros elementum pellentesque quisque porta', '6639.66', 1, 9),
(152, 'in libero ut massa', NULL, '38243.81', 1, 3),
(153, 'in sagittis dui', 'sapien iaculis congue vivamus metus arcu adipiscing molestie hendrerit at vulputate vitae nisl aenean lectus pellentesque eget nunc donec quis orci eget orci vehicula condimentum curabitur in libero ut massa volutpat convallis morbi odio odio elementum eu interdum eu tincidunt in leo maecenas', '28521.51', 1, 3),
(154, 'posuere cubilia curae', 'sit amet sem fusce consequat nulla nisl nunc nisl duis bibendum felis sed interdum venenatis turpis enim blandit mi in porttitor pede justo eu massa donec dapibus', '8157.33', 1, 10),
(155, 'hac habitasse platea dictumst', 'congue eget semper rutrum nulla nunc purus phasellus in felis donec semper sapien a libero nam dui proin leo odio porttitor id consequat in consequat ut nulla sed accumsan felis', '80481.68', 1, 6),
(156, 'vulputate justo in blandit', NULL, '36682.85', 1, 3),
(157, 'ornare consequat', NULL, '68585.73', 1, 3),
(158, 'ac nibh fusce', NULL, '53962.79', 0, 3),
(159, 'arcu adipiscing molestie hendrerit at', 'iaculis congue vivamus metus arcu adipiscing molestie hendrerit at vulputate vitae nisl aenean lectus pellentesque eget nunc donec quis orci eget orci vehicula condimentum', '8190.64', 0, 6),
(160, 'erat', NULL, '515.84', 1, 5),
(161, 'fusce lacus purus', 'porttitor id consequat in consequat ut nulla sed accumsan felis ut at dolor quis odio consequat varius integer ac leo pellentesque ultrices mattis odio', '96417.70', 0, 10),
(162, 'sollicitudin mi sit', 'vestibulum eget vulputate ut ultrices vel augue vestibulum ante ipsum primis in faucibus orci luctus et ultrices posuere cubilia curae donec pharetra magna vestibulum aliquet ultrices erat tortor sollicitudin mi sit amet lobortis sapien sapien non mi integer ac neque duis bibendum morbi non', '3366.98', 1, 3),
(163, 'mi in porttitor pede justo', 'curabitur convallis duis consequat dui nec nisi volutpat eleifend donec ut dolor morbi vel lectus in quam fringilla rhoncus mauris', '4825.15', 1, 1),
(164, 'feugiat non pretium quis', NULL, '4828.07', 1, 2),
(165, 'morbi porttitor lorem', 'consequat ut nulla sed accumsan felis ut at dolor quis odio consequat varius integer ac leo pellentesque ultrices mattis odio donec vitae nisi nam ultrices libero non mattis pulvinar nulla pede ullamcorper', '16433.38', 1, 6),
(166, 'morbi', 'metus aenean fermentum donec ut mauris eget massa tempor convallis nulla neque libero convallis eget eleifend luctus ultricies eu nibh quisque id justo sit amet sapien dignissim vestibulum vestibulum ante ipsum primis in faucibus orci luctus et ultrices posuere cubilia curae nulla', '45992.43', 0, 7),
(167, 'etiam justo etiam pretium', 'libero nullam sit amet turpis elementum ligula vehicula consequat morbi a', '17313.48', 1, 10),
(168, 'vel pede morbi porttitor', 'sit amet turpis elementum ligula vehicula consequat morbi a ipsum integer a nibh in quis justo maecenas rhoncus aliquam lacus morbi quis tortor id nulla ultrices', '52440.93', 0, 10),
(169, 'congue diam', NULL, '65220.64', 1, 9),
(170, 'est congue elementum', 'in tempor turpis nec euismod scelerisque quam turpis adipiscing lorem vitae mattis nibh ligula nec sem duis aliquam convallis nunc proin at turpis a pede posuere nonummy integer non velit donec diam neque vestibulum eget vulputate ut ultrices vel augue vestibulum ante ipsum primis in', '31123.63', 0, 1),
(171, 'aliquam lacus morbi quis', 'dui vel sem sed sagittis nam congue risus semper porta volutpat quam pede lobortis ligula sit amet eleifend pede libero quis orci nullam molestie nibh in lectus pellentesque', '1809.66', 0, 6),
(172, 'in lectus pellentesque', 'faucibus orci luctus et ultrices posuere cubilia curae donec pharetra magna vestibulum aliquet ultrices erat tortor sollicitudin mi sit amet lobortis sapien sapien non mi integer ac neque duis bibendum morbi non quam nec dui luctus rutrum nulla tellus in sagittis dui', '74879.77', 0, 7),
(173, 'magna vulputate luctus cum sociis', NULL, '87976.58', 1, 4),
(174, 'pede justo lacinia eget', 'ligula sit amet eleifend pede libero quis orci nullam molestie nibh in lectus pellentesque at nulla suspendisse potenti cras in purus eu magna vulputate luctus cum sociis natoque penatibus et magnis dis parturient montes nascetur ridiculus mus vivamus vestibulum sagittis sapien cum sociis natoque', '41105.15', 1, 3),
(175, 'sit amet', NULL, '37255.05', 0, 2),
(176, 'sapien sapien non', 'egestas metus aenean fermentum donec ut mauris eget massa tempor convallis nulla neque libero convallis eget eleifend luctus ultricies eu nibh quisque id justo sit amet sapien dignissim vestibulum vestibulum ante ipsum primis in faucibus orci luctus et ultrices posuere cubilia curae nulla dapibus dolor vel est donec odio justo', '89233.84', 1, 5),
(177, 'enim blandit mi', 'pede lobortis ligula sit amet eleifend pede libero quis orci nullam molestie nibh in lectus pellentesque at nulla suspendisse potenti cras in purus eu magna vulputate luctus cum', '20037.39', 1, 3),
(178, 'id justo', 'vestibulum ac est lacinia nisi venenatis tristique fusce congue diam id ornare imperdiet sapien urna pretium nisl ut volutpat sapien arcu sed augue aliquam erat volutpat in congue etiam justo etiam pretium iaculis justo in hac habitasse platea', '35513.97', 1, 10),
(179, 'est congue elementum in hac', 'dolor sit amet consectetuer adipiscing elit proin risus praesent lectus vestibulum quam sapien varius ut blandit non interdum in ante vestibulum ante ipsum primis in faucibus orci luctus et ultrices posuere cubilia curae duis faucibus accumsan odio curabitur convallis duis consequat', '1009.44', 1, 2),
(180, 'maecenas leo odio condimentum id', 'ante vivamus tortor duis mattis egestas metus aenean fermentum donec ut mauris eget massa tempor convallis nulla neque libero convallis eget eleifend luctus ultricies eu nibh quisque id justo sit amet sapien dignissim vestibulum vestibulum ante ipsum primis in faucibus', '6453.91', 1, 10),
(181, 'lacinia sapien quis libero', NULL, '27726.14', 0, 6),
(182, 'vestibulum ante ipsum primis in', 'est quam pharetra magna ac consequat metus sapien ut nunc vestibulum ante ipsum primis in faucibus orci luctus et ultrices posuere cubilia curae mauris viverra diam vitae quam suspendisse potenti nullam porttitor lacus at turpis donec', '87869.14', 0, 1),
(183, 'volutpat dui maecenas tristique est', 'a pede posuere nonummy integer non velit donec diam neque vestibulum eget vulputate ut ultrices vel augue vestibulum ante ipsum primis in faucibus orci luctus et ultrices', '43792.97', 1, 9),
(184, 'erat fermentum', 'in eleifend quam a odio in hac habitasse platea dictumst maecenas ut massa quis augue luctus tincidunt nulla mollis molestie lorem quisque ut erat curabitur gravida nisi at nibh in hac habitasse platea dictumst', '98319.43', 1, 2),
(185, 'curabitur in libero ut', NULL, '26139.28', 0, 10),
(186, 'nec molestie', 'ipsum aliquam non mauris morbi non lectus aliquam sit amet diam in magna bibendum imperdiet nullam', '58024.81', 1, 2),
(187, 'non lectus aliquam', NULL, '78787.15', 0, 1),
(188, 'nunc', 'ac neque duis bibendum morbi non quam nec dui luctus rutrum nulla tellus in', '12201.88', 0, 6),
(189, 'imperdiet', 'in lectus pellentesque at nulla suspendisse potenti cras in purus eu magna vulputate luctus cum sociis', '3846.32', 0, 3),
(190, 'ante ipsum primis', 'volutpat convallis morbi odio odio elementum eu interdum eu tincidunt in leo', '69348.42', 1, 4),
(191, 'luctus', 'tincidunt ante vel ipsum praesent blandit lacinia erat vestibulum sed magna at nunc commodo placerat praesent blandit nam nulla integer pede justo lacinia eget tincidunt eget tempus vel pede morbi porttitor', '43299.49', 0, 1),
(192, 'dictumst morbi vestibulum velit', 'vulputate justo in blandit ultrices enim lorem ipsum dolor sit amet consectetuer adipiscing elit proin interdum mauris non ligula pellentesque ultrices phasellus id sapien in sapien iaculis congue vivamus metus arcu adipiscing molestie hendrerit at vulputate vitae nisl aenean lectus', '48213.08', 0, 8),
(193, 'eros viverra eget congue', 'vestibulum proin eu mi nulla ac enim in tempor turpis nec euismod scelerisque quam turpis adipiscing lorem vitae mattis nibh ligula nec sem duis aliquam convallis nunc proin at turpis a pede posuere nonummy integer non velit donec', '72654.26', 1, 4),
(194, 'in', 'sit amet consectetuer adipiscing elit proin interdum mauris non ligula pellentesque ultrices phasellus id sapien in sapien iaculis congue vivamus metus arcu adipiscing molestie hendrerit at vulputate vitae nisl aenean lectus pellentesque eget nunc donec quis orci', '86097.94', 1, 2),
(195, 'ultrices phasellus', 'erat tortor sollicitudin mi sit amet lobortis sapien sapien non mi integer ac neque duis bibendum morbi non quam nec dui luctus rutrum nulla tellus in sagittis dui vel', '58517.07', 0, 9),
(196, 'vitae', 'rutrum neque aenean auctor gravida sem praesent id massa id nisl venenatis lacinia aenean sit amet justo morbi ut odio cras mi pede malesuada in imperdiet et commodo vulputate justo in blandit ultrices enim lorem ipsum dolor sit amet consectetuer adipiscing elit proin interdum', '54355.82', 0, 1),
(197, 'mauris', NULL, '57382.61', 0, 9),
(198, 'maecenas tincidunt lacus at velit', NULL, '68213.47', 1, 1),
(199, 'massa id nisl venenatis', 'quisque erat eros viverra eget congue eget semper rutrum nulla nunc purus phasellus in felis donec semper sapien', '18160.95', 1, 4),
(200, 'sit', 'nulla mollis molestie lorem quisque ut erat curabitur gravida nisi at nibh in hac habitasse platea dictumst aliquam augue quam sollicitudin vitae consectetuer eget rutrum at lorem integer tincidunt ante vel ipsum praesent blandit lacinia erat vestibulum sed', '94292.55', 1, 10),
(201, 'molestie lorem quisque ut erat', 'nec molestie sed justo pellentesque viverra pede ac diam cras pellentesque volutpat dui maecenas tristique est et tempus semper est quam pharetra magna ac consequat metus sapien ut nunc vestibulum ante ipsum primis in faucibus orci luctus et ultrices posuere cubilia curae mauris viverra diam', '52485.00', 1, 7),
(202, 'vestibulum sagittis sapien', 'ullamcorper augue a suscipit nulla elit ac nulla sed vel enim sit amet nunc viverra dapibus nulla suscipit ligula in lacus curabitur at ipsum ac tellus semper interdum mauris', '41730.75', 1, 3),
(203, 'sed ante', 'accumsan tellus nisi eu orci mauris lacinia sapien quis libero nullam sit amet turpis elementum ligula vehicula consequat morbi a ipsum integer a', '85228.08', 0, 4),
(204, 'consectetuer eget', NULL, '34917.63', 0, 8),
(205, 'suspendisse accumsan tortor', 'ut erat curabitur gravida nisi at nibh in hac habitasse platea dictumst aliquam augue quam sollicitudin vitae consectetuer', '70647.35', 0, 1),
(206, 'eget elit', NULL, '17354.02', 1, 10),
(207, 'sed lacus morbi', 'nonummy maecenas tincidunt lacus at velit vivamus vel nulla eget eros elementum pellentesque quisque porta volutpat erat quisque erat eros viverra eget congue eget semper rutrum nulla nunc purus phasellus in felis donec semper sapien a libero nam dui proin leo odio porttitor id consequat in', '47144.65', 1, 5),
(208, 'elementum nullam varius nulla facilisi', 'ultrices libero non mattis pulvinar nulla pede ullamcorper augue a suscipit nulla', '28183.81', 0, 5),
(209, 'vel', NULL, '64694.38', 0, 3),
(210, 'in sagittis dui vel nisl', NULL, '71744.22', 1, 6),
(211, 'orci eget orci', NULL, '24736.22', 1, 7),
(212, 'turpis integer aliquet massa', 'sed justo pellentesque viverra pede ac diam cras pellentesque volutpat dui maecenas tristique est et tempus semper est quam pharetra magna ac consequat metus sapien ut nunc vestibulum ante', '27868.92', 0, 6),
(213, 'ac enim in tempor', 'lorem ipsum dolor sit amet consectetuer adipiscing elit proin interdum mauris non ligula pellentesque ultrices phasellus', '40391.75', 0, 10),
(214, 'in faucibus orci luctus et', NULL, '28690.12', 0, 8),
(215, 'in faucibus orci luctus', NULL, '55594.28', 0, 8),
(216, 'pede', 'id mauris vulputate elementum nullam varius nulla facilisi cras non velit nec nisi vulputate nonummy maecenas tincidunt lacus at velit vivamus vel nulla eget eros elementum', '4315.42', 0, 8),
(217, 'ante', 'montes nascetur ridiculus mus etiam vel augue vestibulum rutrum rutrum neque aenean auctor gravida sem praesent id massa', '12882.58', 0, 4),
(218, 'justo pellentesque viverra pede', 'eu mi nulla ac enim in tempor turpis nec euismod scelerisque quam turpis adipiscing lorem vitae mattis nibh ligula nec sem duis aliquam convallis nunc proin at turpis a pede posuere nonummy integer non', '12002.02', 0, 7),
(219, 'ut volutpat sapien', 'dictumst etiam faucibus cursus urna ut tellus nulla ut erat id mauris vulputate elementum nullam varius nulla facilisi cras non velit nec nisi vulputate nonummy maecenas tincidunt lacus', '21115.69', 1, 4),
(220, 'eu', 'eget tempus vel pede morbi porttitor lorem id ligula suspendisse ornare consequat lectus in est risus auctor sed tristique in tempus sit amet sem fusce consequat nulla nisl nunc nisl duis bibendum', '36990.68', 1, 6),
(221, 'nulla suspendisse potenti cras in', NULL, '79550.62', 0, 4),
(222, 'amet erat nulla tempus vivamus', NULL, '9647.54', 0, 4),
(223, 'montes nascetur ridiculus mus etiam', 'potenti nullam porttitor lacus at turpis donec posuere metus vitae ipsum aliquam non mauris morbi non lectus aliquam sit amet diam in magna bibendum imperdiet nullam orci pede venenatis non sodales sed tincidunt eu felis fusce posuere felis sed lacus morbi', '58252.54', 0, 7),
(224, 'morbi odio odio elementum eu', NULL, '2185.04', 0, 6),
(225, 'sodales', 'elit proin interdum mauris non ligula pellentesque ultrices phasellus id sapien in sapien iaculis congue vivamus metus arcu adipiscing molestie hendrerit at vulputate vitae nisl aenean lectus pellentesque eget nunc donec quis orci eget orci vehicula condimentum curabitur in', '57490.81', 0, 2),
(226, 'rutrum rutrum neque aenean', NULL, '52774.26', 0, 6),
(227, 'elementum pellentesque quisque porta', 'convallis eget eleifend luctus ultricies eu nibh quisque id justo sit amet sapien dignissim vestibulum vestibulum ante ipsum primis in faucibus orci luctus et ultrices posuere cubilia curae nulla dapibus dolor vel est donec odio justo sollicitudin ut suscipit a feugiat et eros vestibulum ac est lacinia nisi venenatis tristique', '1299.83', 0, 3),
(228, 'semper sapien a libero nam', NULL, '45725.59', 1, 2),
(229, 'eleifend pede libero', 'adipiscing lorem vitae mattis nibh ligula nec sem duis aliquam convallis nunc proin at turpis a pede posuere nonummy integer non velit donec diam', '72242.85', 1, 5),
(230, 'justo in', 'cursus id turpis integer aliquet massa id lobortis convallis tortor risus dapibus augue vel accumsan tellus nisi eu orci mauris lacinia sapien quis libero nullam', '30134.70', 1, 3),
(231, 'pulvinar lobortis est phasellus', 'et ultrices posuere cubilia curae nulla dapibus dolor vel est donec odio justo sollicitudin ut suscipit a feugiat et eros vestibulum ac est lacinia nisi venenatis tristique fusce congue diam id ornare imperdiet sapien urna pretium nisl ut volutpat sapien', '57024.47', 1, 6),
(232, 'erat quisque erat eros viverra', NULL, '17968.64', 0, 4),
(233, 'non mauris morbi non lectus', 'ac leo pellentesque ultrices mattis odio donec vitae nisi nam ultrices libero non mattis pulvinar nulla', '29016.43', 1, 2),
(234, 'at', 'ut mauris eget massa tempor convallis nulla neque libero convallis eget eleifend luctus ultricies eu nibh quisque id justo sit amet sapien dignissim', '49272.17', 1, 4),
(235, 'tincidunt eu felis', 'nec dui luctus rutrum nulla tellus in sagittis dui vel nisl duis ac nibh fusce lacus purus aliquet at feugiat non pretium quis lectus suspendisse', '52037.88', 1, 9),
(236, 'in', 'amet erat nulla tempus vivamus in felis eu sapien cursus vestibulum proin eu mi nulla ac enim in tempor turpis nec euismod scelerisque quam turpis adipiscing lorem vitae mattis nibh ligula nec sem duis aliquam convallis nunc proin at', '13686.42', 1, 5),
(237, 'eu orci mauris', 'pulvinar sed nisl nunc rhoncus dui vel sem sed sagittis nam congue risus semper porta volutpat quam pede lobortis ligula sit amet eleifend pede libero quis orci nullam molestie nibh in lectus pellentesque at nulla suspendisse', '16602.57', 0, 4),
(238, 'ut', 'sit amet diam in magna bibendum imperdiet nullam orci pede venenatis non sodales sed tincidunt eu felis fusce posuere felis sed lacus morbi sem mauris laoreet ut rhoncus aliquet pulvinar', '63698.83', 1, 5),
(239, 'auctor', 'vel augue vestibulum ante ipsum primis in faucibus orci luctus et ultrices posuere cubilia curae donec pharetra magna vestibulum aliquet ultrices erat tortor sollicitudin mi sit amet lobortis sapien sapien non mi integer', '80745.00', 1, 2),
(240, 'erat nulla tempus vivamus', NULL, '5185.77', 1, 8),
(241, 'ultrices libero non mattis pulvinar', 'sapien in sapien iaculis congue vivamus metus arcu adipiscing molestie hendrerit at vulputate vitae nisl aenean lectus pellentesque eget nunc donec quis orci eget orci vehicula condimentum curabitur in libero ut massa volutpat convallis morbi odio odio elementum eu interdum eu tincidunt', '73456.59', 1, 7),
(242, 'neque libero convallis', 'accumsan tellus nisi eu orci mauris lacinia sapien quis libero nullam sit amet turpis elementum ligula vehicula consequat morbi a ipsum integer a nibh in quis justo maecenas rhoncus aliquam lacus morbi quis tortor id nulla ultrices aliquet maecenas leo', '6137.67', 1, 2),
(243, 'vestibulum ante ipsum primis', 'pharetra magna ac consequat metus sapien ut nunc vestibulum ante ipsum primis in faucibus orci luctus et ultrices posuere cubilia curae mauris', '32064.84', 1, 7),
(244, 'sociis natoque penatibus', NULL, '79717.00', 1, 8),
(245, 'tincidunt eu felis fusce', 'congue diam id ornare imperdiet sapien urna pretium nisl ut volutpat sapien arcu sed', '34834.33', 0, 4),
(246, 'eget orci vehicula condimentum curabitur', 'hendrerit at vulputate vitae nisl aenean lectus pellentesque eget nunc donec', '2391.51', 1, 1),
(247, 'ipsum integer a', 'consectetuer eget rutrum at lorem integer tincidunt ante vel ipsum praesent blandit lacinia erat vestibulum sed magna at nunc commodo placerat praesent blandit nam nulla integer pede justo lacinia eget tincidunt eget tempus vel pede morbi porttitor lorem id ligula suspendisse ornare consequat lectus in est risus auctor sed', '92810.55', 0, 2),
(248, 'elementum eu interdum eu tincidunt', 'volutpat dui maecenas tristique est et tempus semper est quam pharetra magna ac consequat metus sapien ut nunc vestibulum ante ipsum', '86560.14', 1, 10),
(249, 'commodo placerat praesent blandit nam', 'consectetuer eget rutrum at lorem integer tincidunt ante vel ipsum praesent blandit lacinia erat vestibulum sed', '91069.81', 1, 1),
(250, 'amet diam in magna', 'sapien placerat ante nulla justo aliquam quis turpis eget elit sodales scelerisque mauris sit', '22862.47', 0, 5),
(251, 'euismod scelerisque', 'in hac habitasse platea dictumst maecenas ut massa quis augue luctus tincidunt nulla mollis molestie lorem quisque ut erat curabitur gravida nisi at nibh in hac habitasse platea dictumst aliquam augue quam sollicitudin vitae consectetuer eget rutrum at lorem integer', '64387.34', 0, 10),
(252, 'varius', 'purus phasellus in felis donec semper sapien a libero nam dui proin leo odio porttitor', '35093.49', 1, 3),
(253, 'ultrices posuere cubilia curae', NULL, '62352.82', 1, 1),
(254, 'nulla nunc purus', 'ultrices phasellus id sapien in sapien iaculis congue vivamus metus arcu adipiscing molestie hendrerit at vulputate vitae nisl aenean lectus pellentesque eget', '73866.82', 1, 6),
(255, 'morbi non lectus aliquam', 'ut tellus nulla ut erat id mauris vulputate elementum nullam varius nulla facilisi cras non velit nec nisi vulputate nonummy maecenas tincidunt lacus at velit vivamus vel nulla eget eros elementum pellentesque quisque porta volutpat erat quisque erat eros viverra eget congue eget semper rutrum nulla nunc purus', '46443.92', 1, 2),
(256, 'ut tellus', 'lobortis sapien sapien non mi integer ac neque duis bibendum morbi non quam nec dui luctus rutrum nulla tellus in sagittis dui vel nisl duis ac nibh fusce lacus purus aliquet at feugiat non pretium quis lectus suspendisse potenti in eleifend quam a', '89810.45', 1, 8),
(257, 'sed magna at nunc commodo', 'vitae mattis nibh ligula nec sem duis aliquam convallis nunc proin at', '10782.48', 1, 9),
(258, 'cum', 'justo aliquam quis turpis eget elit sodales scelerisque mauris sit amet eros suspendisse accumsan tortor', '78924.64', 0, 3),
(259, 'nunc proin at turpis a', NULL, '8441.10', 1, 6),
(260, 'vestibulum quam sapien varius ut', 'nonummy integer non velit donec diam neque vestibulum eget vulputate ut ultrices vel augue vestibulum ante ipsum primis in faucibus orci luctus et ultrices posuere cubilia curae donec pharetra magna vestibulum aliquet ultrices erat tortor sollicitudin mi sit amet lobortis sapien sapien non mi integer', '84214.30', 1, 9);
INSERT INTO `book` (`id`, `title`, `description`, `price`, `is_active`, `style_id`) VALUES
(261, 'luctus nec molestie sed', 'est donec odio justo sollicitudin ut suscipit a feugiat et eros vestibulum ac est lacinia nisi venenatis tristique fusce congue diam id ornare imperdiet sapien urna pretium nisl ut volutpat sapien arcu', '71337.79', 1, 1),
(262, 'at lorem', 'facilisi cras non velit nec nisi vulputate nonummy maecenas tincidunt lacus at velit vivamus vel nulla eget eros elementum pellentesque quisque porta', '73673.38', 1, 4),
(263, 'suscipit nulla elit', 'vulputate nonummy maecenas tincidunt lacus at velit vivamus vel nulla eget eros elementum pellentesque quisque porta volutpat erat quisque erat eros viverra eget congue eget semper rutrum nulla nunc purus phasellus in felis donec semper sapien a', '77819.21', 1, 9),
(264, 'eu orci mauris', NULL, '6742.77', 0, 2),
(265, 'condimentum neque sapien placerat ante', 'bibendum morbi non quam nec dui luctus rutrum nulla tellus in sagittis dui vel nisl duis ac nibh fusce lacus purus aliquet at feugiat non pretium quis lectus suspendisse potenti in eleifend', '94497.80', 0, 5),
(266, 'in quam', 'erat curabitur gravida nisi at nibh in hac habitasse platea dictumst aliquam augue quam sollicitudin vitae consectetuer eget rutrum at lorem integer tincidunt ante vel ipsum praesent blandit lacinia erat vestibulum sed magna at nunc commodo placerat praesent', '60394.06', 1, 4),
(267, 'rutrum neque', NULL, '85644.99', 0, 4),
(268, 'habitasse platea', 'in purus eu magna vulputate luctus cum sociis natoque penatibus et magnis dis parturient montes nascetur ridiculus mus vivamus vestibulum sagittis sapien cum sociis natoque penatibus et magnis dis parturient montes nascetur ridiculus', '11122.58', 1, 4),
(269, 'massa quis augue', 'duis at velit eu est congue elementum in hac habitasse platea dictumst morbi vestibulum velit id pretium iaculis diam erat fermentum justo nec condimentum neque sapien placerat ante nulla justo aliquam quis turpis eget elit sodales scelerisque mauris sit amet eros suspendisse accumsan tortor quis turpis sed', '16050.20', 1, 2),
(270, 'in porttitor pede justo', 'tempor convallis nulla neque libero convallis eget eleifend luctus ultricies eu nibh quisque id justo sit amet sapien dignissim vestibulum vestibulum ante ipsum primis in faucibus orci luctus et ultrices', '85430.34', 1, 5),
(271, 'amet eros suspendisse accumsan', 'ligula sit amet eleifend pede libero quis orci nullam molestie nibh in lectus pellentesque at nulla suspendisse potenti cras in purus eu magna vulputate luctus cum sociis natoque penatibus et magnis dis parturient montes nascetur ridiculus mus vivamus vestibulum sagittis sapien cum', '26450.04', 0, 10),
(272, 'rutrum', 'est quam pharetra magna ac consequat metus sapien ut nunc vestibulum ante ipsum primis in faucibus orci luctus et ultrices posuere cubilia curae mauris viverra diam vitae quam suspendisse potenti nullam porttitor lacus at', '39165.26', 1, 9),
(273, 'ante nulla justo', 'pede justo lacinia eget tincidunt eget tempus vel pede morbi porttitor lorem id ligula suspendisse ornare', '17321.01', 0, 10),
(274, 'posuere metus vitae', NULL, '53094.51', 0, 8),
(275, 'in magna', 'eget orci vehicula condimentum curabitur in libero ut massa volutpat convallis morbi odio odio elementum eu interdum eu tincidunt in leo maecenas pulvinar lobortis est phasellus sit amet erat nulla tempus vivamus in felis eu sapien cursus vestibulum proin eu', '62183.37', 0, 5),
(276, 'montes nascetur', 'orci vehicula condimentum curabitur in libero ut massa volutpat convallis morbi odio odio elementum eu interdum eu tincidunt in leo maecenas pulvinar lobortis est phasellus sit amet erat nulla tempus vivamus in felis eu sapien cursus vestibulum proin', '88856.92', 0, 2),
(277, 'et', 'ac enim in tempor turpis nec euismod scelerisque quam turpis adipiscing lorem vitae mattis nibh ligula nec sem', '15474.42', 0, 6),
(278, 'porttitor pede justo', NULL, '35022.34', 1, 1),
(279, 'tempor convallis nulla', 'justo in hac habitasse platea dictumst etiam faucibus cursus urna ut tellus nulla ut erat id mauris', '44489.81', 1, 4),
(280, 'dapibus at diam', NULL, '28615.19', 0, 8),
(281, 'amet nulla quisque', 'quis orci eget orci vehicula condimentum curabitur in libero ut massa volutpat convallis morbi odio odio elementum eu interdum eu tincidunt in leo maecenas pulvinar', '68679.97', 1, 7),
(282, 'sit', 'sapien non mi integer ac neque duis bibendum morbi non quam nec dui luctus rutrum nulla tellus in sagittis', '28044.02', 1, 8),
(283, 'commodo vulputate justo', NULL, '83775.19', 1, 6),
(284, 'pellentesque ultrices mattis', 'quisque erat eros viverra eget congue eget semper rutrum nulla nunc purus phasellus in felis donec semper sapien a libero nam dui proin leo odio porttitor id', '80660.12', 0, 6),
(285, 'leo odio porttitor id', 'orci luctus et ultrices posuere cubilia curae nulla dapibus dolor vel est donec odio justo sollicitudin ut suscipit a feugiat et eros vestibulum ac est lacinia nisi venenatis tristique fusce congue diam id ornare imperdiet sapien urna pretium', '47004.77', 0, 8),
(286, 'nisl aenean lectus pellentesque eget', 'eget semper rutrum nulla nunc purus phasellus in felis donec semper sapien a libero nam dui proin leo odio porttitor id consequat in consequat ut nulla sed accumsan felis ut at dolor quis odio consequat', '87669.69', 1, 4),
(287, 'morbi porttitor', 'cubilia curae mauris viverra diam vitae quam suspendisse potenti nullam porttitor lacus at turpis donec posuere metus vitae ipsum aliquam non mauris morbi non lectus aliquam sit amet diam in magna bibendum imperdiet nullam orci pede venenatis non sodales sed tincidunt eu felis fusce posuere felis sed lacus', '14712.62', 0, 6),
(288, 'pede', NULL, '64803.80', 1, 1),
(289, 'porttitor', NULL, '68253.18', 1, 1),
(290, 'ipsum aliquam non mauris', 'rhoncus mauris enim leo rhoncus sed vestibulum sit amet cursus id turpis integer aliquet massa id lobortis convallis tortor risus dapibus augue vel accumsan tellus nisi eu orci mauris lacinia sapien quis libero nullam sit amet turpis elementum ligula vehicula consequat morbi a ipsum integer a nibh in quis', '15741.42', 0, 2),
(291, 'nonummy integer', 'volutpat quam pede lobortis ligula sit amet eleifend pede libero quis orci nullam molestie nibh in lectus pellentesque at nulla suspendisse potenti cras in purus eu magna vulputate luctus cum sociis natoque penatibus et magnis dis parturient', '52477.56', 1, 5),
(292, 'consequat', 'adipiscing elit proin interdum mauris non ligula pellentesque ultrices phasellus id sapien in sapien iaculis congue vivamus metus arcu adipiscing molestie hendrerit at vulputate vitae nisl aenean lectus pellentesque eget nunc donec quis orci eget orci vehicula condimentum curabitur in libero ut massa volutpat', '89805.86', 0, 3),
(293, 'at lorem', 'curabitur in libero ut massa volutpat convallis morbi odio odio elementum eu interdum eu tincidunt in leo maecenas pulvinar lobortis est phasellus sit amet erat nulla tempus vivamus in felis eu sapien cursus vestibulum proin eu mi nulla ac enim in tempor turpis nec euismod scelerisque quam turpis adipiscing', '49232.15', 1, 2),
(294, 'justo', 'proin interdum mauris non ligula pellentesque ultrices phasellus id sapien in sapien', '56082.87', 0, 8),
(295, 'adipiscing lorem vitae mattis', NULL, '64113.69', 0, 9),
(296, 'nulla facilisi cras', 'nunc vestibulum ante ipsum primis in faucibus orci luctus et ultrices posuere cubilia curae mauris viverra diam vitae quam suspendisse potenti nullam porttitor lacus at turpis', '15745.89', 0, 3),
(297, 'habitasse platea dictumst morbi vestibulum', 'varius ut blandit non interdum in ante vestibulum ante ipsum primis in faucibus', '27293.73', 1, 9),
(298, 'risus auctor sed tristique', 'ornare consequat lectus in est risus auctor sed tristique in tempus sit amet sem fusce consequat nulla nisl nunc', '90768.73', 1, 5),
(299, 'morbi vestibulum', NULL, '51677.77', 0, 5),
(300, 'ipsum integer a nibh', 'donec dapibus duis at velit eu est congue elementum in hac habitasse platea dictumst morbi vestibulum velit id pretium iaculis diam erat fermentum justo nec condimentum neque sapien placerat ante nulla justo aliquam quis turpis eget elit sodales scelerisque mauris sit amet eros', '86994.40', 1, 5);

-- --------------------------------------------------------

--
-- Table structure for table `book_author`
--

CREATE TABLE `book_author` (
  `book_id` int(10) UNSIGNED NOT NULL,
  `author_id` int(10) UNSIGNED NOT NULL
) ENGINE=InnoDB DEFAULT CHARSET=utf8;

--
-- Dumping data for table `book_author`
--

INSERT INTO `book_author` (`book_id`, `author_id`) VALUES
(103, 1),
(223, 1),
(247, 1),
(266, 1),
(44, 2),
(101, 2),
(184, 2),
(293, 2),
(151, 3),
(157, 3),
(188, 3),
(279, 3),
(46, 4),
(54, 4),
(131, 4),
(213, 4),
(255, 4),
(47, 5),
(77, 5),
(95, 5),
(112, 5),
(185, 5),
(41, 6),
(65, 6),
(140, 6),
(254, 6),
(280, 6),
(15, 7),
(78, 7),
(148, 7),
(164, 7),
(247, 7),
(251, 7),
(252, 7),
(23, 8),
(248, 8),
(265, 8),
(82, 9),
(104, 9),
(136, 9),
(151, 9),
(174, 9),
(98, 10),
(136, 10),
(119, 11),
(188, 11),
(223, 11),
(37, 12),
(67, 12),
(180, 12),
(183, 12),
(240, 12),
(293, 12),
(12, 13),
(73, 13),
(81, 13),
(221, 13),
(1, 14),
(71, 14),
(82, 14),
(115, 14),
(172, 14),
(263, 14),
(43, 15),
(267, 15),
(274, 15),
(103, 16),
(3, 17),
(80, 17),
(83, 17),
(149, 17),
(156, 17),
(162, 17),
(192, 17),
(236, 17),
(239, 17),
(35, 18),
(96, 18),
(109, 18),
(195, 18),
(254, 18),
(277, 18),
(83, 19),
(105, 19),
(137, 19),
(151, 19),
(165, 19),
(231, 19),
(112, 20),
(170, 21),
(198, 21),
(246, 21),
(289, 21),
(85, 22),
(254, 22),
(17, 23),
(89, 23),
(109, 23),
(113, 23),
(117, 23),
(177, 23),
(290, 23),
(6, 24),
(83, 24),
(105, 24),
(108, 24),
(135, 24),
(146, 24),
(273, 24),
(90, 25),
(246, 25),
(63, 26),
(76, 26),
(90, 26),
(129, 26),
(224, 26),
(281, 26),
(53, 27),
(63, 27),
(180, 27),
(294, 27),
(22, 28),
(80, 28),
(187, 28),
(7, 29),
(48, 29),
(241, 29),
(248, 29),
(266, 29),
(10, 30),
(166, 30),
(37, 31),
(89, 31),
(177, 31),
(43, 32),
(60, 32),
(102, 32),
(199, 32),
(219, 33),
(266, 33),
(285, 33),
(94, 34),
(132, 34),
(139, 34),
(201, 34),
(226, 34),
(256, 34),
(24, 35),
(64, 35),
(74, 35),
(165, 35),
(278, 35),
(19, 36),
(70, 36),
(120, 36),
(124, 36),
(133, 36),
(181, 36),
(96, 37),
(172, 37),
(188, 37),
(14, 38),
(20, 38),
(28, 38),
(30, 38),
(64, 38),
(108, 38),
(15, 39),
(56, 39),
(136, 40),
(137, 40),
(224, 40),
(49, 41),
(77, 41),
(154, 41),
(157, 41),
(174, 41),
(192, 41),
(213, 41),
(244, 41),
(2, 42),
(27, 42),
(37, 42),
(52, 42),
(287, 42),
(290, 42),
(16, 43),
(92, 43),
(189, 43),
(275, 43),
(117, 44),
(123, 44),
(145, 44),
(214, 44),
(237, 44),
(179, 45),
(199, 45),
(213, 45),
(285, 45),
(167, 46),
(204, 46),
(242, 46),
(265, 46),
(275, 46),
(30, 47),
(52, 47),
(11, 48),
(12, 48),
(77, 48),
(78, 48),
(138, 48),
(193, 48),
(203, 48),
(246, 48),
(285, 48),
(70, 49),
(119, 49),
(124, 50),
(138, 50),
(176, 50),
(187, 50),
(259, 50),
(169, 51),
(182, 51),
(214, 51),
(222, 51),
(248, 51),
(27, 52),
(87, 52),
(142, 52),
(149, 52),
(216, 52),
(87, 53),
(143, 53),
(176, 53),
(239, 53),
(248, 53),
(280, 53),
(12, 54),
(64, 54),
(121, 54),
(185, 54),
(207, 54),
(295, 54),
(300, 54),
(48, 56),
(54, 56),
(232, 56),
(1, 57),
(16, 57),
(49, 57),
(172, 57),
(213, 57),
(1, 58),
(58, 58),
(76, 58),
(77, 58),
(120, 58),
(166, 58),
(200, 58),
(65, 59),
(155, 59),
(227, 59),
(28, 60),
(49, 60),
(93, 60),
(150, 60),
(199, 60),
(218, 60),
(246, 60),
(47, 61),
(86, 61),
(228, 61),
(108, 62),
(141, 62),
(287, 62),
(16, 63),
(39, 63),
(41, 63),
(70, 63),
(139, 63),
(199, 63),
(236, 63),
(245, 63),
(284, 63),
(15, 64),
(92, 64),
(108, 64),
(233, 64),
(21, 65),
(46, 65),
(53, 65),
(154, 65),
(176, 65),
(67, 66),
(174, 66),
(187, 66),
(223, 66),
(242, 66),
(8, 67),
(13, 67),
(75, 67),
(44, 68),
(146, 68),
(168, 68),
(236, 68),
(275, 68),
(79, 69),
(111, 69),
(190, 69),
(198, 69),
(216, 69),
(222, 69),
(292, 69),
(14, 70),
(63, 70),
(89, 70),
(159, 70),
(177, 70),
(209, 70),
(230, 70),
(100, 71),
(106, 71),
(126, 71),
(240, 71),
(69, 72),
(212, 72),
(246, 72),
(284, 72),
(18, 73),
(252, 73),
(7, 74),
(197, 74),
(8, 75),
(60, 75),
(116, 75),
(173, 76),
(184, 76),
(202, 76),
(210, 76),
(254, 76),
(298, 76),
(33, 77),
(70, 77),
(199, 77),
(245, 77),
(277, 77),
(15, 78),
(27, 78),
(237, 78),
(47, 79),
(145, 79),
(18, 80),
(23, 80),
(86, 80),
(95, 80),
(76, 81),
(96, 81),
(97, 81),
(129, 81),
(132, 81),
(213, 81),
(223, 81),
(228, 81),
(249, 81),
(274, 81),
(294, 81),
(4, 82),
(72, 82),
(74, 82),
(211, 82),
(229, 82),
(261, 82),
(9, 83),
(99, 83),
(192, 83),
(272, 83),
(15, 84),
(19, 84),
(23, 84),
(54, 84),
(98, 84),
(129, 84),
(175, 84),
(273, 84),
(274, 84),
(5, 85),
(80, 85),
(83, 85),
(104, 85),
(280, 85),
(22, 86),
(44, 86),
(63, 86),
(109, 86),
(125, 86),
(175, 86),
(215, 86),
(255, 86),
(28, 87),
(29, 87),
(107, 87),
(209, 87),
(105, 88),
(264, 88),
(6, 89),
(185, 89),
(195, 89),
(249, 89),
(116, 90),
(269, 90),
(78, 91),
(97, 91),
(124, 91),
(243, 91),
(53, 92),
(65, 92),
(125, 92),
(128, 92),
(286, 92),
(290, 92),
(129, 93),
(138, 93),
(151, 93),
(282, 93),
(110, 94),
(116, 94),
(128, 94),
(175, 94),
(186, 94),
(17, 95),
(82, 95),
(98, 95),
(18, 96),
(54, 96),
(192, 96),
(234, 96),
(15, 97),
(79, 97),
(94, 97),
(121, 97),
(131, 97),
(142, 97),
(195, 97),
(297, 97),
(45, 98),
(68, 98),
(97, 98),
(114, 98),
(137, 98),
(149, 98),
(272, 98),
(8, 99),
(167, 99),
(21, 100),
(27, 100),
(99, 100),
(124, 100),
(165, 100);

-- --------------------------------------------------------

--
-- Table structure for table `style`
--

CREATE TABLE `style` (
  `id` tinyint(3) UNSIGNED NOT NULL,
  `name` varchar(30) NOT NULL
) ENGINE=InnoDB DEFAULT CHARSET=utf8;

--
-- Dumping data for table `style`
--

INSERT INTO `style` (`id`, `name`) VALUES
(1, 'Novel'),
(2, 'Molestie'),
(3, 'Velit'),
(4, 'Thriller'),
(5, 'Sagittis'),
(6, 'Blandit'),
(7, 'Est'),
(8, 'Fringilla'),
(9, 'Morbi'),
(10, 'Donec'),
(11, 'Other');

-- --------------------------------------------------------

--
-- Table structure for table `user`
--

CREATE TABLE `user` (
  `id` int(10) UNSIGNED NOT NULL,
  `email` varchar(50) NOT NULL,
  `password` char(32) NOT NULL
) ENGINE=InnoDB DEFAULT CHARSET=utf8;

--
-- Dumping data for table `user`
--

INSERT INTO `user` (`id`, `email`, `password`) VALUES
(1, 'admin@adminka.com', '5d1ceb00eaf53a4fca3c02cf4b8a4fd4'),
(2, 'manager@adminka.com', 'cea8b131f2683c4d046d57785733c5ff');

--
-- Indexes for dumped tables
--

--
-- Indexes for table `author`
--
ALTER TABLE `author`
  ADD PRIMARY KEY (`id`);

--
-- Indexes for table `book`
--
ALTER TABLE `book`
  ADD PRIMARY KEY (`id`),
  ADD KEY `style_id` (`style_id`);

--
-- Indexes for table `book_author`
--
ALTER TABLE `book_author`
  ADD PRIMARY KEY (`book_id`,`author_id`),
  ADD KEY `author_id` (`author_id`);

--
-- Indexes for table `style`
--
ALTER TABLE `style`
  ADD PRIMARY KEY (`id`);

--
-- Indexes for table `user`
--
ALTER TABLE `user`
  ADD PRIMARY KEY (`id`);

--
-- AUTO_INCREMENT for dumped tables
--

--
-- AUTO_INCREMENT for table `author`
--
ALTER TABLE `author`
  MODIFY `id` int(10) UNSIGNED NOT NULL AUTO_INCREMENT, AUTO_INCREMENT=101;
--
-- AUTO_INCREMENT for table `book`
--
ALTER TABLE `book`
  MODIFY `id` int(10) UNSIGNED NOT NULL AUTO_INCREMENT, AUTO_INCREMENT=301;
--
-- AUTO_INCREMENT for table `style`
--
ALTER TABLE `style`
  MODIFY `id` tinyint(3) UNSIGNED NOT NULL AUTO_INCREMENT, AUTO_INCREMENT=12;
--
-- AUTO_INCREMENT for table `user`
--
ALTER TABLE `user`
  MODIFY `id` int(10) UNSIGNED NOT NULL AUTO_INCREMENT, AUTO_INCREMENT=3;
--
-- Constraints for dumped tables
--

--
-- Constraints for table `book`
--
ALTER TABLE `book`
  ADD CONSTRAINT `book_ibfk_1` FOREIGN KEY (`style_id`) REFERENCES `style` (`id`) ON DELETE SET NULL ON UPDATE CASCADE;

--
-- Constraints for table `book_author`
--
ALTER TABLE `book_author`
  ADD CONSTRAINT `book_author_ibfk_1` FOREIGN KEY (`book_id`) REFERENCES `book` (`id`) ON DELETE CASCADE ON UPDATE CASCADE,
  ADD CONSTRAINT `book_author_ibfk_2` FOREIGN KEY (`author_id`) REFERENCES `author` (`id`) ON DELETE CASCADE ON UPDATE CASCADE;

/*!40101 SET CHARACTER_SET_CLIENT=@OLD_CHARACTER_SET_CLIENT */;
/*!40101 SET CHARACTER_SET_RESULTS=@OLD_CHARACTER_SET_RESULTS */;
/*!40101 SET COLLATION_CONNECTION=@OLD_COLLATION_CONNECTION */;
